IdeTaxonRef_key,ecatalogue_key,irn,irn
1,1,10,109037
2,2,48607,48606
3,3,287287,95844
4,4,10891,10844
5,5,39436,87721
6,6,4181,4173
7,7,28625,89651
8,8,28521,89651
9,9,28621,89651
10,10,67236,286163
11,11,114487,41292
12,12,40230,107303
13,13,27852,100970
14,14,92418,92417
15,15,96788,96787
16,16,115688,18036
17,17,84384,84378
18,18,577669,71861
19,19,28722,89651
20,20,20269,84378
21,21,20269,84378
22,22,113843,284782
23,23,113842,284782
24,24,86000,85994
25,25,28589,89651
26,26,28521,89651
27,27,28625,89651
28,28,28625,89651
29,29,28625,89651
30,30,28589,89651
31,31,28625,89651
32,32,28521,89651
33,33,28521,89651
34,34,28521,89651
35,35,28521,89651
36,36,114926,89651
37,37,28589,89651
38,38,28589,89651
39,39,28589,89651
40,40,89690,89689
41,41,288860,36859
42,42,28725,89651
43,43,28653,89651
44,44,28653,89651
45,45,114926,89651
46,46,114926,89651
47,47,114926,89651
48,48,114926,89651
49,49,114926,89651
50,50,84383,84381
51,51,84383,84381
52,52,84402,84378
53,53,95657,95655
54,54,686848,26379
55,55,28589,89651
56,56,28589,89651
57,57,28589,89651
58,58,28589,89651
59,59,28589,89651
60,60,28589,89651
61,61,28589,89651
62,62,28589,89651
63,63,28589,89651
64,64,28589,89651
65,65,28589,89651
66,66,28589,89651
67,67,28589,89651
68,68,28589,89651
69,69,28589,89651
70,70,28454,89651
71,71,28454,89651
72,72,28468,89651
73,73,28468,89651
74,74,28468,89651
75,75,117001,89651
76,76,28725,89651
77,77,28725,89651
78,78,28454,89651
79,79,28521,89651
80,80,59651,7
81,81,20272,84378
82,82,84400,84378
83,83,84400,84378
84,84,80805,414527
85,85,84382,84381
86,86,89958,89957
87,87,84401,84400
88,88,84383,84381
89,89,84383,84381
90,90,84380,84379
91,91,84407,84406
92,92,30945,284213
93,93,84407,84406
94,94,84402,84378
95,95,84402,84378
96,96,84405,84378
97,97,84397,84378
98,98,84397,84378
99,99,84381,84378
100,100,84381,84378
101,101,90453,90451
102,102,115747,85994
103,103,84385,84378
104,104,84385,84378
105,105,84394,84378
106,106,84394,84378
107,107,55833,100981
108,108,51546,285324
109,109,84399,84378
110,110,84399,84378
111,111,84387,84378
112,112,84387,84378
113,113,84379,84378
114,114,84379,84378
115,115,84389,84378
116,116,96782,96737
117,117,84392,84378
118,118,84392,84378
119,119,84386,84378
120,120,535977,101032
121,121,84384,84378
122,122,97493,97492
123,123,636805,97324
124,124,28725,89651
125,125,89720,89719
126,126,89720,89719
127,127,291053,84287
128,127,76542,84287
129,128,111780,81941
130,129,671554,89973
131,129,290172,90443
132,130,59804,100400
133,131,28454,89651
134,132,63655,103664
135,132,414236,103664
136,133,549768,104801
137,134,538056,538055
138,135,538341,96737
139,136,28468,89651
140,137,28670,89651
141,138,287215,84644
142,139,28589,89651
143,140,28454,89651
144,141,86000,85994
145,142,36170,85994
146,143,28722,89651
147,144,28722,89651
148,145,731161,66943
149,146,28722,89651
150,147,28726,89651
151,148,417127,286401
152,149,28456,28454
153,150,28456,28454
154,151,28453,89651
155,152,28454,89651
156,153,28653,89651
157,154,28653,89651
158,155,28653,89651
159,156,112931,103702
160,157,28589,89651
161,158,84384,84378
162,159,11397,11383
163,160,98892,98891
164,161,28589,89651
165,162,671554,89973
166,162,290172,90443
167,163,671554,89973
168,163,290172,90443
169,164,28725,89651
170,165,28726,89651
171,166,28737,89651
172,167,28737,89651
173,168,28737,89651
174,169,28589,89651
175,170,28454,89651
176,171,28521,89651
177,172,28670,89651
178,173,28725,89651
179,174,28725,89651
180,175,28468,89651
181,176,28670,89651
182,177,28454,89651
183,178,28589,89651
184,179,28589,89651
185,180,28670,89651
186,181,28670,89651
187,182,28725,89651
188,183,28488,89651
189,184,28589,89651
190,185,28589,89651
191,186,28589,89651
192,187,28725,89651
193,188,28589,89651
194,189,28589,89651
195,190,28589,89651
196,191,28589,89651
197,192,28589,89651
198,193,28589,89651
199,194,28670,89651
200,195,28670,89651
201,196,28454,89651
202,197,28454,89651
203,198,28468,89651
204,199,28725,89651
205,200,28737,89651
206,201,28456,28454
207,202,117001,89651
208,203,28521,89651
209,204,28454,89651
210,205,28454,89651
211,206,28725,89651
212,207,117001,89651
213,208,117001,89651
214,209,28737,89651
215,210,28589,89651
216,211,28589,89651
217,212,28454,89651
218,213,28468,89651
219,214,28589,89651
220,215,28454,89651
221,216,28454,89651
222,217,28589,89651
223,218,28589,89651
224,219,28454,89651
225,220,28589,89651
226,221,28725,89651
227,222,28454,89651
228,223,28589,89651
229,224,28589,89651
230,225,28468,89651
231,226,28653,89651
232,227,28725,89651
233,228,28589,89651
234,229,28725,89651
235,230,28589,89651
236,231,28454,89651
237,232,28725,89651
238,233,28589,89651
239,234,28454,89651
240,235,28454,89651
241,236,28625,89651
242,237,28454,89651
243,238,117001,89651
244,239,28725,89651
245,240,28589,89651
246,241,28468,89651
247,242,28670,89651
248,243,28670,89651
249,244,28670,89651
250,245,116998,89651
251,246,116998,89651
252,247,117001,89651
253,248,117001,89651
254,249,28454,89651
255,250,28454,89651
256,251,28454,89651
257,252,28454,89651
258,253,28589,89651
259,254,28589,89651
260,255,28589,89651
261,256,28589,89651
262,257,28589,89651
263,258,117001,89651
264,259,28670,89651
265,260,28589,89651
266,261,28589,89651
267,262,28589,89651
268,263,28653,89651
269,264,117001,89651
270,265,28454,89651
271,266,28454,89651
272,267,28589,89651
273,268,28589,89651
274,269,699078,286080
275,270,731180,66943
276,271,731179,66943
277,272,731035,66943
278,273,731034,66943
279,274,731034,66943
280,275,731248,285721
281,276,731257,86129
282,277,28521,89651
283,278,28521,89651
284,279,28725,89651
285,280,28468,89651
286,281,28726,89651
287,282,28737,89651
288,283,28589,89651
289,284,28589,89651
290,285,28521,89651
291,286,28737,89651
292,287,117008,89651
293,288,28737,89651
294,289,117001,89651
295,290,117001,89651
296,291,28725,89651
297,292,28468,89651
298,293,28589,89651
299,294,28589,89651
300,295,28737,89651
301,296,28725,89651
302,297,28521,89651
303,298,28625,89651
304,299,28488,89651
305,300,28725,89651
306,301,28589,89651
307,302,28521,89651
308,303,117001,89651
309,304,28725,89651
310,305,28625,89651
311,306,28625,89651
312,307,28625,89651
313,308,28589,89651
314,309,28589,89651
315,310,28589,89651
316,311,28589,89651
317,312,28725,89651
318,313,28725,89651
319,314,28454,89651
320,315,117011,89651
321,316,28589,89651
322,317,28521,89651
323,318,116999,89651
324,319,117009,89651
325,320,28653,89651
326,321,117001,89651
327,322,117001,89651
328,323,28454,89651
329,324,28454,89651
330,325,117001,89651
331,326,117001,89651
332,327,117001,89651
333,328,28589,89651
334,329,28589,89651
335,330,28468,89651
336,331,117001,89651
337,332,28468,89651
338,333,28589,89651
339,334,117001,89651
340,335,28737,89651
341,336,28589,89651
342,337,28722,89651
343,338,28653,89651
344,339,28725,89651
345,340,28589,89651
346,341,117001,89651
347,342,28722,89651
348,343,28488,89651
349,344,28737,89651
350,345,28468,89651
351,346,117001,89651
352,347,28722,89651
353,348,28454,89651
354,349,28589,89651
355,350,116998,89651
356,351,89690,89689
357,352,28454,89651
358,353,28726,89651
359,354,28454,89651
360,355,28589,89651
361,356,28454,89651
362,357,28589,89651
363,358,699076,89693
364,359,687020,19072
365,360,104753,385941
366,361,688566,285773
367,362,689419,89707
368,363,689419,89707
369,364,689419,89707
370,365,30945,284213
371,366,696000,695998
372,367,28468,89651
373,368,28725,89651
374,369,114926,89651
375,370,28454,89651
376,371,28521,89651
377,372,28455,28454
378,373,28468,89651
379,374,537676,89651
380,375,59804,100400
381,376,59804,100400
382,377,59804,100400
383,378,59804,100400
384,379,59804,100400
385,380,59804,100400
386,381,59804,100400
387,382,59804,100400
388,383,59804,100400
389,384,59804,100400
390,385,671677,100400
391,386,59804,100400
392,387,59804,100400
393,388,115676,283395
394,389,115681,283395
395,390,115682,283395
396,391,209018,81931
397,392,209018,81931
398,393,209018,81931
399,394,30945,284213
400,395,31752,97324
401,396,28454,89651
402,397,636805,97324
403,398,59635,7
404,399,115688,18036
405,400,417127,286401
406,401,290670,89737
407,402,117001,89651
408,403,287988,95807
409,404,288555,284287
410,405,21677,89693
411,406,57466,89721
412,407,289251,284944
413,408,43774,90302
414,409,28454,89651
415,410,28737,89651
416,411,52887,89882
417,412,529608,286042
418,413,529609,286042
419,414,112931,103702
420,415,11397,11383
421,416,671580,90451
422,416,287693,287692
423,417,579423,74660
424,418,579560,284670
425,419,28589,89651
426,420,28589,89651
427,421,117001,89651
428,422,28726,89651
429,423,28468,89651
430,424,28468,89651
431,425,28589,89651
432,426,28589,89651
433,427,290995,95852
434,428,290995,95852
435,429,291089,412931
436,430,291089,412931
437,431,47348,285131
438,432,71341,71297
439,433,290354,413160
440,434,117001,89651
441,435,28468,89651
442,436,28737,89651
443,437,117001,89651
444,438,28468,89651
445,439,28468,89651
446,440,28468,89651
447,441,28468,89651
448,442,28468,89651
449,443,28589,89651
450,444,117023,28670
451,445,28468,89651
452,446,28725,89651
453,447,117001,89651
454,448,28725,89651
455,449,28725,89651
456,450,28725,89651
457,451,28725,89651
458,452,117001,89651
459,453,28725,89651
460,454,28454,89651
461,455,28454,89651
462,456,28454,89651
463,457,28653,89651
464,458,28653,89651
465,459,117001,89651
466,460,117001,89651
467,461,28589,89651
468,462,28589,89651
469,463,28589,89651
470,464,28468,89651
471,465,117001,89651
472,466,117001,89651
473,467,28653,89651
474,468,117001,89651
475,469,28725,89651
476,470,117001,89651
477,471,28468,89651
478,472,28725,89651
479,473,28725,89651
480,474,28725,89651
481,475,28589,89651
482,476,28725,89651
483,477,28725,89651
484,478,28589,89651
485,479,28725,89651
486,480,28670,89651
487,481,28589,89651
488,482,28589,89651
489,483,28589,89651
490,484,28589,89651
491,485,28589,89651
492,486,28653,89651
493,487,28589,89651
494,488,28589,89651
495,489,28725,89651
496,490,28543,89651
497,491,28543,89651
498,492,28653,89651
499,493,28653,89651
500,494,28653,89651
501,495,28589,89651
502,496,28468,89651
503,497,28589,89651
504,498,28589,89651
505,499,28589,89651
506,500,28589,89651
507,501,28653,89651
508,502,103689,103687
509,503,95654,95652
510,504,101033,101032
511,505,104645,104644
512,506,51736,94297
513,507,20269,84378
514,508,20269,84378
515,509,46422,46411
516,510,85267,85266
517,511,86002,86001
518,512,95653,95652
519,513,113812,283365
520,514,28725,89651
521,515,28653,89651
522,516,28625,89651
523,517,28625,89651
524,518,77763,286644
525,518,699131,699130
526,519,682057,89675
527,520,553461,97324
528,521,577988,283445
529,522,377453,284305
530,523,57466,89721
531,524,688430,89707
532,525,35683,90223
533,526,113841,284782
534,527,758506,97494
535,528,290670,89737
536,529,290723,70076
537,530,290723,70076
538,531,12326,12321
539,532,47004,285108
540,533,76542,84287
541,534,89600,89598
542,535,89605,89604
543,536,109484,109483
544,537,90050,90049
545,538,22267,283828
546,539,22267,283828
547,540,28722,89651
548,541,28725,89651
549,542,28454,89651
550,543,22267,283828
551,544,22267,283828
552,545,117001,89651
553,546,117001,89651
554,547,28589,89651
555,548,28454,89651
556,549,28653,89651
557,550,28589,89651
558,551,28589,89651
559,552,28589,89651
560,553,28468,89651
561,554,89599,89598
562,555,28725,89651
563,556,28454,89651
564,557,28725,89651
565,558,28468,89651
566,559,28454,89651
567,560,28653,89651
568,561,28468,89651
569,562,28725,89651
570,563,28589,89651
571,564,28654,28653
572,565,28468,89651
573,566,28653,89651
574,567,688430,89707
575,568,688430,89707
576,569,287378,412338
577,570,74949,74927
578,571,614,97462
579,572,114757,284038
580,573,114757,284038
581,574,112313,286235
582,575,115510,284746
583,576,74983,286458
584,577,111638,103692
585,578,112931,103702
586,579,112931,103702
587,580,112931,103702
588,581,112924,103702
589,582,112925,103702
590,583,112926,103702
591,584,112932,103702
592,585,112932,103702
593,586,112932,103702
594,587,112933,103702
595,588,112934,103702
596,589,113028,285021
597,590,113030,285021
598,591,113029,285021
599,592,113031,285021
600,593,113032,285021
601,594,113053,285228
602,595,113101,285669
603,596,89710,89707
604,597,113530,286117
605,598,113474,286300
606,599,113504,286474
607,600,113505,286474
608,601,113158,103733
609,602,113159,103733
610,603,113167,103733
611,604,113170,103733
612,605,113173,103733
613,606,113180,103733
614,607,113062,50262
615,608,113091,103716
616,609,76759,76753
617,609,111581,76753
618,610,119354,283589
619,611,111779,285952
620,611,111778,285952
621,612,113551,87327
622,613,113161,103733
623,614,113161,103733
624,615,113161,103733
625,616,83317,89689
626,617,7,100399
627,618,209377,19128
628,619,115421,7909
629,620,112624,104801
630,621,112157,101036
631,622,112157,101036
632,623,114614,19128
633,624,114614,19128
634,625,112569,19128
635,626,114612,19128
636,627,781,39700
637,628,119246,89707
638,629,117829,377780
639,630,115722,283673
640,631,113889,49589
641,632,80307,80267
642,633,1830,89675
643,634,1826,89675
644,635,30758,89707
645,636,50409,90354
646,637,50409,90354
647,638,65604,65548
648,639,77150,77137
649,640,13986,90025
650,641,15776,96799
651,642,119067,55330
652,643,113859,44077
653,644,86002,86001
654,645,115925,84755
655,646,114684,286079
656,647,84398,84378
657,648,84398,84378
658,649,84398,84378
659,650,84406,84378
660,651,84406,84378
661,652,84396,84395
662,653,89698,89693
663,654,89701,89693
664,655,89699,89698
665,656,104251,104250
666,657,103691,103690
667,658,84010,84009
668,659,100973,100970
669,660,97465,97464
670,661,97466,97464
671,662,97467,97464
672,663,97468,97464
673,664,97469,97464
674,665,97470,97464
675,666,97471,97464
676,667,97473,97464
677,668,97474,97464
678,669,97475,97464
679,670,97476,97464
680,671,97477,97464
681,672,97478,97464
682,673,89711,89707
683,674,103693,103692
684,675,103694,103692
685,676,103695,103692
686,677,103698,103692
687,678,97326,97324
688,679,97326,97324
689,680,84411,84410
690,681,84411,84410
691,682,91172,91171
692,683,84029,84028
693,684,103707,103702
694,685,103704,103702
695,686,103705,103702
696,687,103706,103702
697,688,84265,84264
698,689,83427,83426
699,690,96881,96880
700,691,87727,87724
701,692,107304,107303
702,693,97794,97793
703,694,86365,86364
704,695,86367,86366
705,696,90699,90698
706,697,95862,95861
707,698,95850,95849
708,699,95851,95849
709,700,97484,97480
710,701,97488,97487
711,702,97490,97489
712,703,97758,97754
713,704,97758,97754
714,705,52148,52097
715,706,90372,90370
716,707,90371,90370
717,708,98887,98884
718,709,98887,98884
719,710,98896,98884
720,711,95871,95867
721,712,95870,95867
722,713,95663,95662
723,714,89725,89723
724,715,89733,89723
725,716,89733,89723
726,717,89734,89723
727,718,90449,90448
728,719,97495,97494
729,720,60483,100400
730,721,18443,86499
731,722,1546,89885
732,723,32385,90191
733,724,20274,84378
734,725,49705,285229
735,726,83084,83058
736,727,70762,70288
737,728,30713,89707
738,729,84377,84376
739,730,35670,284469
740,731,84377,84376
741,732,20282,84378
742,733,53937,53904
743,734,23435,283871
744,735,30605,89707
745,736,20275,84378
746,737,40653,284729
747,738,14962,90033
748,739,37726,37695
749,740,20235,90077
750,741,95611,95610
751,742,43323,284944
752,743,44121,44120
753,744,51423,97489
754,745,67008,66943
755,746,11635,11600
756,747,11650,11600
757,748,18023,109284
758,749,11642,11600
759,750,13421,283395
760,751,20272,84378
761,752,20272,84378
762,753,20281,84378
763,754,20282,84378
764,755,20284,84378
765,756,20284,84378
766,757,70412,70288
767,758,70650,70288
768,759,70764,70288
769,760,91181,91180
770,761,109485,109483
771,762,104186,104185
772,762,14776,283483
773,763,13422,283395
774,764,13423,283395
775,765,30645,89707
776,766,30645,89707
777,767,96503,96502
778,768,95671,95660
779,769,84377,84376
780,770,19766,19739
781,771,28057,89598
782,772,28057,89598
783,773,28057,89598
784,774,28057,89598
785,775,28057,89598
786,776,28057,89598
787,777,28057,89598
788,778,101035,101034
789,779,43012,284938
790,780,43012,284938
791,781,43013,284938
792,782,90140,90135
793,783,90700,90698
794,784,23878,107337
795,785,90014,90011
796,786,69152,286236
797,787,89738,89737
798,788,89683,89682
799,789,56868,100438
800,790,114272,414181
801,791,89724,89723
802,792,89726,89723
803,793,92419,92417
804,794,92414,92413
805,795,103675,103674
806,796,89899,2861
807,797,103677,103676
808,798,103678,103676
809,799,103679,103676
810,800,89687,89686
811,801,89688,89684
812,802,95842,95832
813,803,89971,89970
814,804,89971,89970
815,805,86143,86142
816,806,292027,283374
817,807,90006,90004
818,808,97463,97462
819,809,14672,90695
820,810,100962,100961
821,811,100963,100961
822,812,84380,84379
823,813,84380,84379
824,814,84383,84381
825,815,84391,84390
826,816,84391,84390
827,817,84402,84378
828,818,84402,84378
829,819,84399,84378
830,820,84379,84378
831,821,84379,84378
832,822,84387,84378
833,823,84387,84378
834,824,84385,84378
835,825,11635,11600
836,826,105739,105738
837,827,105741,105740
838,828,13420,283395
839,829,89727,89723
840,830,89730,89723
841,831,1811,89675
842,832,84385,84378
843,833,84381,84378
844,834,84381,84378
845,835,84389,84378
846,836,84389,84378
847,837,84389,84378
848,838,84403,84378
849,839,84403,84378
850,840,84403,84378
851,841,84397,84378
852,842,84397,84378
853,843,84395,84378
854,844,84395,84378
855,845,84394,84378
856,846,84394,84378
857,847,84386,84378
858,848,84386,84378
859,849,84405,84378
860,850,84390,84378
861,851,84390,84378
862,852,84393,84378
863,853,1790,89675
864,854,21731,89693
865,855,65603,65548
866,856,207713,75644
867,857,118979,53179
868,858,115863,20766
869,859,59651,7
870,860,114272,414181
871,861,114271,61035
872,862,114271,61035
873,863,114269,61035
874,864,114269,61035
875,865,28737,89651
876,866,89592,89591
877,867,96816,96812
878,868,90703,90701
879,869,84763,84762
880,870,89596,89594
881,871,89595,89594
882,872,20290,84378
883,873,20290,84378
884,874,30946,284213
885,875,65883,286051
886,876,44224,90698
887,877,645298,283213
888,878,13912,283440
889,879,84736,84735
890,880,84759,84757
891,881,104259,104258
892,882,1634,89885
893,883,1634,89885
894,884,88923,88922
895,885,35808,86819
896,886,90174,90172
897,887,90174,90172
898,888,104800,104799
899,889,57262,56868
900,890,9722,283245
901,891,9722,283245
902,892,9722,283245
903,893,9722,283245
904,894,11609,11600
905,895,11648,11600
906,896,11648,11600
907,897,11650,11600
908,898,20272,84378
909,899,58952,89723
910,900,53208,285473
911,901,21574,89693
912,902,16912,96713
913,903,20083,96720
914,904,56671,285640
915,905,20715,20711
916,906,1872,383680
917,907,59035,89723
918,908,30642,89707
919,909,84377,84376
920,910,30713,89707
921,911,83084,83058
922,912,114268,61035
923,913,114686,66153
924,914,48170,96737
925,915,73266,104801
926,916,73788,104801
927,917,14217,14180
928,918,16614,16608
929,919,20273,84378
930,920,84395,84378
931,921,59769,7
932,922,17656,17601
933,923,44120,44077
934,924,20279,84378
935,925,58940,89723
936,926,21498,89693
937,927,111581,76753
938,928,21953,89693
939,929,22054,89693
940,930,30155,29930
941,931,20412,85987
942,932,26852,84274
943,933,21612,89693
944,934,21991,89693
945,935,30784,89707
946,936,31896,31885
947,937,45525,285061
948,938,21662,89693
949,939,72194,86368
950,940,26386,26379
951,941,65826,65818
952,942,21877,89693
953,943,26850,84274
954,944,37026,37847
955,945,37045,37847
956,946,21667,89693
957,947,21591,89693
958,948,64280,103733
959,949,64225,103733
960,950,730937,96724
961,951,22088,210336
962,952,31461,103699
963,953,32901,359
964,954,4000,3993
965,955,21379,283811
966,956,42438,284888
967,957,29962,29930
968,958,30063,29930
969,959,30068,29930
970,960,30135,29930
971,961,30302,29930
972,962,82714,286914
973,963,73918,216837
974,964,81159,84784
975,965,81310,84784
976,966,48869,84772
977,967,49105,84772
978,968,18556,84760
979,969,81602,84792
980,970,81630,84792
981,971,82315,84795
982,972,49048,84772
983,973,4731,283045
984,974,103697,103696
985,975,28455,28454
986,976,23451,23450
987,977,95859,95857
988,978,89708,89707
989,979,89713,89712
990,980,89713,89712
991,981,89713,89712
992,982,34899,103702
993,983,49692,285228
994,984,62975,62970
995,985,67000,66943
996,986,74196,74181
997,987,11609,11600
998,988,69927,69894
999,989,64000,97494
1000,990,51383,97489
1001,991,29406,97464
1002,992,11853,11849
1003,993,61099,61035
1004,994,208401,104801
1005,995,16729,16608
1006,996,66619,91180
1007,997,97472,97464
1008,998,39401,87721
1009,999,95698,95697
1010,1000,44654,95743
1011,1001,44654,95743
1012,1002,44655,95743
1013,1003,44668,95743
1014,1004,44669,95743
1015,1005,44669,95743
1016,1006,44675,95743
1017,1007,44663,95743
1018,1008,44670,95743
1019,1009,32836,
1020,1010,1584,89885
1021,1011,38552,284661
1022,1012,1625,89885
1023,1013,43839,90302
1024,1014,5946,5896
1025,1015,51291,51283
1026,1016,54228,97925
1027,1017,56992,56868
1028,1018,57337,56868
1029,1019,57359,56868
1030,1020,57435,56868
1031,1021,60006,100400
1032,1022,71402,71297
1033,1023,8459,84374
1034,1024,77887,77869
1035,1025,78723,86003
1036,1026,81867,286866
1037,1027,20352,85987
1038,1028,62555,62532
1039,1029,19151,19128
1040,1030,18460,283673
1041,1031,18470,283673
1042,1032,84379,84378
1043,1033,84400,84378
1044,1034,84387,84378
1045,1035,84403,84378
1046,1036,84390,84378
1047,1037,32836,
1048,1038,84390,84378
1049,1039,67923,67894
1050,1040,84404,84378
1051,1041,24123,24122
1052,1042,115464,4063
1053,1043,1593,89885
1054,1044,84396,84395
1055,1044,84387,84378
1056,1045,84396,84395
1057,1045,84387,84378
1058,1046,24625,90129
1059,1047,6206,6204
1060,1048,84404,84378
1061,1049,11650,11600
1062,1050,73843,104801
1063,1051,52148,52097
1064,1052,31940,284266
1065,1053,23436,283871
1066,1054,112765,103680
1067,1055,112048,103680
1068,1056,112048,103680
1069,1057,112048,103680
1070,1058,119640,23233
1071,1059,29962,29930
1072,1060,114990,89707
1073,1061,114990,89707
1074,1062,41321,284790
1075,1063,115356,104801
1076,1064,115356,104801
1077,1065,112910,103702
1078,1066,113089,103716
1079,1067,115510,284746
1080,1068,115547,107337
1081,1069,209218,89973
1082,1070,209262,4063
1083,1071,13420,283395
1084,1072,645298,283213
1085,1073,112564,90191
1086,1074,111344,61966
1087,1075,116757,39891
1088,1076,116304,284150
1089,1077,21379,283811
1090,1078,42438,284888
1091,1079,116840,284974
1092,1080,116504,413712
1093,1081,117576,84784
1094,1082,117592,84784
1095,1083,117593,84784
1096,1084,117595,84784
1097,1085,117595,84784
1098,1086,113490,74181
1099,1087,113491,74181
1100,1088,113492,74181
1101,1089,207648,66943
1102,1090,67008,66943
1103,1091,112923,103702
1104,1092,117582,84784
1105,1093,117578,84784
1106,1094,81159,84784
1107,1095,117597,84784
1108,1096,117590,84784
1109,1097,117584,84784
1110,1098,117586,84784
1111,1099,117585,84784
1112,1100,117573,84784
1113,1101,117581,84784
1114,1102,81310,84784
1115,1103,62947,62946
1116,1104,13421,283395
1117,1105,116979,56605
1118,1106,116978,56605
1119,1107,116980,56605
1120,1108,117373,74461
1121,1109,116756,39891
1122,1110,636,283179
1123,1111,118444,413537
1124,1112,30595,89707
1125,1113,77873,77869
1126,1114,77873,77869
1127,1115,77882,77869
1128,1116,77887,77869
1129,1117,118459,27109
1130,1118,118463,31866
1131,1119,118380,89598
1132,1120,207496,97494
1133,1121,83127,104185
1134,1122,11609,11600
1135,1123,73788,104801
1136,1124,116001,97324
1137,1125,208554,66623
1138,1126,208554,66623
1139,1127,114278,284378
1140,1128,113835,283998
1141,1129,97326,97324
1142,1130,112930,103702
1143,1131,116962,285373
1144,1132,114993,89707
1145,1133,115034,377193
1146,1134,114022,89714
1147,1135,115046,89723
1148,1136,115049,89723
1149,1137,118444,413537
1150,1138,115678,283395
1151,1139,103681,103680
1152,1140,18470,283673
1153,1141,115500,32139
1154,1142,115501,32139
1155,1143,115501,32139
1156,1144,412256,414474
1157,1145,115048,89723
1158,1146,84395,84378
1159,1147,112853,103692
1160,1148,112917,103702
1161,1149,112918,103702
1162,1150,113506,286474
1163,1151,113181,103733
1164,1152,19766,19739
1165,1153,19766,19739
1166,1154,117589,84784
1167,1155,117589,84784
1168,1156,821,77869
1169,1157,820,77869
1170,1158,114992,89707
1171,1159,113974,89689
1172,1160,21574,89693
1173,1161,21612,89693
1174,1162,114991,89707
1175,1163,30784,89707
1176,1164,40349,89714
1177,1165,115047,89723
1178,1166,58940,89723
1179,1167,114989,89707
1180,1168,30730,89707
1181,1169,56671,285640
1182,1170,56671,285640
1183,1171,114015,89693
1184,1172,114017,89693
1185,1173,114014,89693
1186,1174,114016,89693
1187,1175,114021,89714
1188,1176,115704,18036
1189,1177,115708,18036
1190,1178,115711,18036
1191,1179,114920,89555
1192,1180,114918,89555
1193,1181,114919,89555
1194,1182,34879,103702
1195,1183,34879,103702
1196,1184,114338,284729
1197,1185,67923,67894
1198,1186,116497,29930
1199,1187,89712,89707
1200,1188,47806,84652
1201,1189,49683,285228
1202,1190,20292,84378
1203,1191,62009,62007
1204,1192,40044,85266
1205,1193,10197,85263
1206,1194,85272,85270
1207,1195,74151,74146
1208,1196,21325,21323
1209,1197,20278,84378
1210,1198,20278,84378
1211,1199,105745,105743
1212,1200,105746,105743
1213,1201,20278,84378
1214,1202,76137,76131
1215,1203,19746,19739
1216,1204,111686,283673
1217,1205,15358,283498
1218,1206,15357,283498
1219,1207,553018,89707
1220,1208,698359,412832
1221,1209,698359,412832
1222,1210,698359,412832
1223,1211,698359,412832
1224,1212,698359,412832
1225,1213,698359,412832
1226,1214,698359,412832
1227,1215,698359,412832
1228,1216,698359,412832
1229,1217,698359,412832
1230,1218,698359,412832
1231,1219,698359,412832
1232,1220,698359,412832
1233,1221,698477,62007
1234,1222,698478,62007
1235,1223,698479,62007
1236,1224,62029,62007
1237,1225,62029,62007
1238,1226,62029,62007
1239,1227,62029,62007
1240,1228,62029,62007
1241,1229,62029,62007
1242,1230,62029,62007
1243,1231,62029,62007
1244,1232,62029,62007
1245,1233,62035,62007
1246,1234,698480,62007
1247,1235,698480,62007
1248,1236,65826,65818
1249,1237,65826,65818
1250,1238,65826,65818
1251,1239,65826,65818
1252,1240,65826,65818
1253,1241,384920,65818
1254,1242,384920,65818
1255,1243,384920,65818
1256,1244,384920,65818
1257,1245,384920,65818
1258,1246,699079,286080
1259,1247,290505,65818
1260,1248,290505,65818
1261,1249,65864,65818
1262,1250,65864,65818
1263,1251,698614,65818
1264,1252,65864,65818
1265,1253,26852,84274
1266,1254,65864,65818
1267,1255,65864,65818
1268,1256,65864,65818
1269,1257,65864,65818
1270,1258,65864,65818
1271,1259,65864,65818
1272,1260,65864,65818
1273,1261,65864,65818
1274,1262,65864,65818
1275,1263,699280,284237
1276,1264,579282,65818
1277,1265,84289,385941
1278,1266,76542,84287
1279,1267,76542,84287
1280,1268,76542,84287
1281,1269,76542,84287
1282,1270,76542,84287
1283,1271,76542,84287
1284,1272,76542,84287
1285,1273,76542,84287
1286,1274,76542,84287
1287,1275,76542,84287
1288,1276,76542,84287
1289,1277,76542,84287
1290,1278,76542,84287
1291,1279,76542,84287
1292,1280,698866,84287
1293,1281,698866,84287
1294,1282,76542,84287
1295,1283,76561,84287
1296,1284,699131,699130
1297,1285,699131,699130
1298,1286,699131,699130
1299,1287,711450,282996
1300,1288,6803,84644
1301,1289,6803,84644
1302,1290,6803,84644
1303,1291,6803,84644
1304,1292,6803,84644
1305,1293,6803,84644
1306,1294,6803,84644
1307,1295,6803,84644
1308,1296,6803,84644
1309,1297,580400,53759
1310,1298,580400,53759
1311,1299,580400,53759
1312,1300,580400,53759
1313,1301,580400,53759
1314,1302,580400,53759
1315,1303,580400,53759
1316,1304,580400,53759
1317,1305,580400,53759
1318,1306,54444,285554
1319,1307,694749,694748
1320,1308,711735,711734
1321,1309,287215,84644
1322,1310,578940,412638
1323,1311,577119,18036
1324,1312,287215,84644
1325,1313,287215,84644
1326,1314,287215,84644
1327,1315,287215,84644
1328,1316,287215,84644
1329,1317,287215,84644
1330,1318,22228,283826
1331,1319,287215,84644
1332,1320,22228,283826
1333,1321,22228,283826
1334,1322,23124,23106
1335,1323,31907,31885
1336,1324,31907,31885
1337,1325,31907,31885
1338,1326,288566,32319
1339,1327,288566,32319
1340,1328,288566,32319
1341,1329,288566,32319
1342,1330,288566,32319
1343,1331,288566,32319
1344,1332,84652,84656
1345,1333,84652,84656
1346,1334,711699,84652
1347,1335,711701,84652
1348,1336,711701,84652
1349,1337,711701,84652
1350,1338,711701,84652
1351,1339,289503,84652
1352,1340,47806,84652
1353,1341,711476,84652
1354,1342,711476,84652
1355,1343,711476,84652
1356,1344,711476,84652
1357,1345,711476,84652
1358,1346,711476,84652
1359,1347,711476,84652
1360,1348,711475,84652
1361,1349,711475,84652
1362,1350,711475,84652
1363,1351,711475,84652
1364,1352,711475,84652
1365,1353,711475,84652
1366,1354,711726,46411
1367,1355,711719,46411
1368,1356,46423,46411
1369,1357,46423,46411
1370,1358,46423,46411
1371,1359,46423,46411
1372,1360,46423,46411
1373,1361,46423,46411
1374,1362,46423,46411
1375,1363,46423,46411
1376,1364,29518,97464
1377,1366,730827,66943
1378,1367,731245,66943
1379,1368,758133,69599
1380,1369,758505,97494
1381,1370,758509,97494
1382,1371,11397,11383
1383,1372,9118,89970
1384,1373,9118,89970
1385,1374,417108,97464
1386,1375,71341,71297
1387,1376,32020,84276
1388,1377,289031,107303
1389,1378,48607,48606
1390,1379,37454,37450
1391,1379,686575,286908
1392,1380,288950,87343
1393,1381,287215,84644
1394,1382,37454,37450
1395,1382,686575,286908
1396,1383,288950,87343
1397,1384,287204,84422
1398,1385,3164,283039
1399,1386,207648,66943
1400,1387,1908,89675
1401,1388,1908,89675
1402,1389,682127,89675
1403,1390,384001,89675
1404,1391,682131,89675
1405,1392,682057,89675
1406,1393,3320,3294
1407,1394,3320,3294
1408,1395,3320,3294
1409,1396,384001,89675
1410,1397,384001,89675
1411,1398,3320,3294
1412,1399,682112,89675
1413,1400,682112,89675
1414,1401,680454,680453
1415,1402,682126,89675
1416,1403,682126,89675
1417,1404,682127,89675
1418,1405,682127,89675
1419,1406,682057,89675
1420,1407,1908,89675
1421,1408,382697,89675
1422,1409,382697,89675
1423,1410,14047,14044
1424,1411,14047,14044
1425,1412,14058,14044
1426,1413,207905,208896
1427,1414,287287,95844
1428,1415,57279,56868
1429,1416,57292,56868
1430,1417,76542,84287
1431,1418,288595,284313
1432,1419,680454,680453
1433,1420,382272,56868
1434,1421,57021,56868
1435,1422,114989,89707
1436,1423,30713,89707
1437,1424,114989,89707
1438,1425,30717,89707
1439,1426,30713,89707
1440,1427,56880,56868
1441,1428,114989,89707
1442,1429,114989,89707
1443,1430,114989,89707
1444,1431,114989,89707
1445,1432,114989,89707
1446,1433,114989,89707
1447,1434,580484,85263
1448,1435,580483,85263
1449,1436,631286,34245
1450,1437,1296,89884
1451,1438,688573,682713
1452,1439,66101,286080
1453,1440,691751,58904
1454,1441,691751,58904
1455,1442,691751,58904
1456,1443,66101,286080
1457,1444,66101,286080
1458,1445,60640,100400
1459,1446,529348,529347
1460,1447,529348,529347
1461,1448,66101,286080
1462,1449,23124,23106
1463,1450,60640,100400
1464,1451,529348,529347
1465,1452,682057,89675
1466,1453,682057,89675
1467,1454,682057,89675
1468,1455,682057,89675
1469,1456,382697,89675
1470,1457,382697,89675
1471,1458,57203,56868
1472,1459,57203,56868
1473,1460,3320,3294
1474,1461,57076,56868
1475,1462,57076,56868
1476,1463,681254,56868
1477,1464,57383,56868
1478,1465,14058,14044
1479,1466,14058,14044
1480,1467,14058,14044
1481,1468,14058,14044
1482,1469,14058,14044
1483,1470,56880,56868
1484,1471,662383,97494
1485,1472,291053,84287
1486,1473,59769,7
1487,1474,207905,208896
1488,1475,115679,413372
1489,1476,56880,56868
1490,1477,685716,89693
1491,1478,685716,89693
1492,1479,685716,89693
1493,1480,114989,89707
1494,1481,56880,56868
1495,1482,571120,283144
1496,1483,59651,7
1497,1484,59651,7
1498,1485,14058,14044
1499,1486,14058,14044
1500,1487,14058,14044
1501,1488,57305,56868
1502,1489,57338,56868
1503,1490,57076,56868
1504,1491,22647,56868
1505,1492,57021,56868
1506,1493,30717,89707
1507,1494,30717,89707
1508,1495,30717,89707
1509,1496,30713,89707
1510,1497,30713,89707
1511,1498,30717,89707
1512,1499,30713,89707
1513,1500,30717,89707
1514,1501,30713,89707
1515,1502,30713,89707
1516,1503,3372,3369
1517,1504,56895,56868
1518,1505,114989,89707
1519,1506,690154,208896
1520,1507,30717,89707
1521,1508,114989,89707
1522,1509,56992,56868
1523,1510,57076,56868
1524,1511,114989,89707
1525,1512,114989,89707
1526,1513,114989,89707
1527,1514,114989,89707
1528,1515,56880,56868
1529,1516,114989,89707
1530,1517,114989,89707
1531,1518,114989,89707
1532,1519,114989,89707
1533,1520,114989,89707
1534,1521,685716,89693
1535,1522,114375,56868
1536,1523,677122,56868
1537,1524,682057,89675
1538,1525,682057,89675
1539,1526,57338,56868
1540,1527,57338,56868
1541,1528,682057,89675
1542,1529,682057,89675
1543,1530,1790,89675
1544,1531,682098,89675
1545,1532,1908,89675
1546,1533,1908,89675
1547,1534,382697,89675
1548,1535,682059,89682
1549,1536,682074,2294
1550,1537,682098,89675
1551,1538,682057,89675
1552,1539,682057,89675
1553,1540,682057,89675
1554,1541,682057,89675
1555,1542,690160,682713
1556,1543,694313,694310
1557,1544,66101,286080
1558,1545,529348,529347
1559,1546,76542,84287
1560,1547,59028,89723
1561,1548,691751,58904
1562,1549,691751,58904
1563,1550,691751,58904
1564,1551,694314,694310
1565,1552,66101,286080
1566,1553,61131,61130
1567,1554,61131,61130
1568,1555,61131,61130
1569,1556,66101,286080
1570,1557,65864,65818
1571,1558,30717,89707
1572,1559,30717,89707
1573,1560,30717,89707
1574,1561,57203,56868
1575,1562,57203,56868
1576,1563,57076,56868
1577,1564,57076,56868
1578,1565,382697,89675
1579,1566,382697,89675
1580,1567,1811,89675
1581,1568,682112,89675
1582,1569,1790,89675
1583,1570,1790,89675
1584,1571,57094,56868
1585,1572,57160,56868
1586,1573,382697,89675
1587,1574,382697,89675
1588,1575,682112,89675
1589,1576,682126,89675
1590,1577,207905,208896
1591,1578,207905,208896
1592,1579,207905,208896
1593,1580,207905,208896
1594,1581,207905,208896
1595,1582,207905,208896
1596,1583,207905,208896
1597,1584,207905,208896
1598,1585,207905,208896
1599,1586,207905,208896
1600,1587,207905,208896
1601,1588,207905,208896
1602,1589,207905,208896
1603,1590,207905,208896
1604,1591,207905,208896
1605,1592,207905,208896
1606,1593,207905,208896
1607,1594,682466,84412
1608,1595,682466,84412
1609,1596,89686,89684
1610,1597,89686,89684
1611,1598,89686,89684
1612,1599,89686,89684
1613,1600,89686,89684
1614,1601,89686,89684
1615,1602,89686,89684
1616,1603,89686,89684
1617,1604,89686,89684
1618,1605,89686,89684
1619,1606,89686,89684
1620,1607,89686,89684
1621,1608,30717,89707
1622,1609,89686,89684
1623,1610,89686,89684
1624,1611,89686,89684
1625,1612,89686,89684
1626,1613,89686,89684
1627,1614,682450,89684
1628,1615,682450,89684
1629,1616,30717,89707
1630,1617,688573,682713
1631,1618,682714,283257
1632,1619,682714,283257
1633,1620,682714,283257
1634,1621,682714,283257
1635,1622,682714,283257
1636,1623,682714,283257
1637,1624,682714,283257
1638,1625,682714,283257
1639,1626,682714,283257
1640,1627,30703,89707
1641,1628,19363,283697
1642,1629,30717,89707
1643,1630,30717,89707
1644,1631,30717,89707
1645,1632,26217,284060
1646,1633,26217,284060
1647,1634,26217,284060
1648,1635,26217,284060
1649,1636,26217,284060
1650,1637,26217,284060
1651,1638,26224,284060
1652,1639,685274,59606
1653,1640,415533,80267
1654,1641,415533,80267
1655,1642,80301,80267
1656,1643,80301,80267
1657,1644,80305,80267
1658,1645,80305,80267
1659,1646,80305,80267
1660,1647,80305,80267
1661,1648,80305,80267
1662,1649,685193,80267
1663,1650,80314,80267
1664,1651,80342,80267
1665,1652,415537,80267
1666,1653,80348,80267
1667,1654,80348,80267
1668,1655,80352,80267
1669,1656,80352,80267
1670,1657,114014,89693
1671,1658,21574,89693
1672,1659,21574,89693
1673,1660,21574,89693
1674,1661,21574,89693
1675,1662,21574,89693
1676,1663,21574,89693
1677,1664,21574,89693
1678,1665,685752,89693
1679,1666,114014,89693
1680,1667,114014,89693
1681,1668,114014,89693
1682,1669,114014,89693
1683,1670,114014,89693
1684,1671,114014,89693
1685,1672,21612,89693
1686,1673,21612,89693
1687,1674,552859,89693
1688,1675,552859,89693
1689,1676,685753,89693
1690,1677,21667,89693
1691,1678,114989,89707
1692,1679,686356,23742
1693,1680,412010,21680
1694,1681,412010,21680
1695,1682,412010,21680
1696,1683,412010,21680
1697,1684,412010,21680
1698,1685,412010,21680
1699,1686,412010,21680
1700,1687,412010,21680
1701,1688,412010,21680
1702,1689,412010,21680
1703,1690,686036,89693
1704,1691,686356,23742
1705,1692,21789,89693
1706,1693,686142,89693
1707,1694,685569,32332
1708,1695,685569,32332
1709,1696,685569,32332
1710,1697,685569,32332
1711,1698,685569,32332
1712,1699,579975,32332
1713,1700,21784,89693
1714,1701,21784,89693
1715,1702,21784,89693
1716,1703,21784,89693
1717,1704,21784,89693
1718,1705,21784,89693
1719,1706,21784,89693
1720,1707,21784,89693
1721,1708,21789,89693
1722,1709,21789,89693
1723,1710,21789,89693
1724,1711,21789,89693
1725,1712,21789,89693
1726,1713,21789,89693
1727,1714,21789,89693
1728,1715,21789,89693
1729,1716,21789,89693
1730,1717,21789,89693
1731,1718,21789,89693
1732,1719,21789,89693
1733,1720,21789,89693
1734,1721,21789,89693
1735,1722,21789,89693
1736,1723,21789,89693
1737,1724,21789,89693
1738,1725,21789,89693
1739,1726,21789,89693
1740,1727,21789,89693
1741,1728,21789,89693
1742,1729,21789,89693
1743,1730,21789,89693
1744,1731,21789,89693
1745,1732,21789,89693
1746,1733,21789,89693
1747,1734,23805,23742
1748,1735,686146,89693
1749,1736,686151,89693
1750,1737,686153,89693
1751,1738,686153,89693
1752,1739,686153,89693
1753,1740,686153,89693
1754,1741,686153,89693
1755,1742,686161,89693
1756,1743,686161,89693
1757,1744,686161,89693
1758,1745,686161,89693
1759,1746,686161,89693
1760,1747,686161,89693
1761,1748,686161,89693
1762,1749,686161,89693
1763,1750,686161,89693
1764,1751,686161,89693
1765,1752,686161,89693
1766,1753,686161,89693
1767,1754,686161,89693
1768,1755,686338,686142
1769,1756,686142,89693
1770,1757,686142,89693
1771,1758,686142,89693
1772,1759,686142,89693
1773,1760,686142,89693
1774,1761,686142,89693
1775,1762,686142,89693
1776,1763,686142,89693
1777,1764,686142,89693
1778,1765,686142,89693
1779,1766,686142,89693
1780,1767,686142,89693
1781,1768,686144,89693
1782,1769,686144,89693
1783,1770,686178,89693
1784,1771,21940,89693
1785,1772,21921,89693
1786,1773,21921,89693
1787,1774,21921,89693
1788,1775,21921,89693
1789,1776,686172,89693
1790,1777,114016,89693
1791,1778,114016,89693
1792,1779,686187,89693
1793,1780,686191,89693
1794,1781,21953,89693
1795,1782,21953,89693
1796,1783,21953,89693
1797,1784,21953,89693
1798,1785,21953,89693
1799,1786,21953,89693
1800,1787,21953,89693
1801,1788,21953,89693
1802,1789,21953,89693
1803,1790,21953,89693
1804,1791,21953,89693
1805,1792,21953,89693
1806,1793,686186,89693
1807,1794,686186,89693
1808,1795,686186,89693
1809,1796,686186,89693
1810,1797,686186,89693
1811,1798,686176,89693
1812,1799,686176,89693
1813,1800,686178,89693
1814,1801,686178,89693
1815,1802,686178,89693
1816,1803,686178,89693
1817,1804,686178,89693
1818,1805,78184,86129
1819,1806,78184,86129
1820,1807,78184,86129
1821,1808,78184,86129
1822,1809,78184,86129
1823,1810,78184,86129
1824,1811,78184,86129
1825,1812,78184,86129
1826,1813,78184,86129
1827,1814,78184,86129
1828,1815,78184,86129
1829,1816,78184,86129
1830,1817,78184,86129
1831,1818,78184,86129
1832,1819,78192,86129
1833,1820,78192,86129
1834,1821,78192,86129
1835,1822,78192,86129
1836,1823,382379,86129
1837,1824,382379,86129
1838,1825,384268,86129
1839,1826,78231,86129
1840,1827,78235,86129
1841,1828,78235,86129
1842,1829,78237,86129
1843,1830,78237,86129
1844,1831,78237,86129
1845,1832,78237,86129
1846,1833,78237,86129
1847,1834,78237,86129
1848,1835,78237,86129
1849,1836,78237,86129
1850,1837,78237,86129
1851,1838,78237,86129
1852,1839,78237,86129
1853,1840,78237,86129
1854,1841,78237,86129
1855,1842,548945,89714
1856,1843,78268,86129
1857,1844,78268,86129
1858,1845,78268,86129
1859,1846,78268,86129
1860,1847,376945,86129
1861,1848,376945,86129
1862,1849,376945,86129
1863,1850,376945,86129
1864,1851,376946,86129
1865,1852,376946,86129
1866,1853,376946,86129
1867,1854,78323,86129
1868,1855,78323,86129
1869,1856,78323,86129
1870,1857,78323,86129
1871,1858,78323,86129
1872,1859,78323,86129
1873,1860,78323,86129
1874,1861,78323,86129
1875,1862,78323,86129
1876,1863,78323,86129
1877,1864,78323,86129
1878,1865,78323,86129
1879,1866,78323,86129
1880,1867,78323,86129
1881,1868,78323,86129
1882,1869,78331,86129
1883,1870,78331,86129
1884,1871,384637,86129
1885,1872,78367,86129
1886,1873,78367,86129
1887,1874,78367,86129
1888,1875,78367,86129
1889,1876,78367,86129
1890,1877,78367,86129
1891,1878,78367,86129
1892,1879,78368,86129
1893,1880,78368,86129
1894,1881,78368,86129
1895,1882,78368,86129
1896,1883,78368,86129
1897,1884,78368,86129
1898,1885,78348,86129
1899,1886,78348,86129
1900,1887,78348,86129
1901,1888,78348,86129
1902,1889,78348,86129
1903,1890,78348,86129
1904,1891,78348,86129
1905,1892,78348,86129
1906,1893,78348,86129
1907,1894,78348,86129
1908,1895,78348,86129
1909,1896,78348,86129
1910,1897,78348,86129
1911,1898,78348,86129
1912,1899,376955,86129
1913,1900,553787,89707
1914,1901,553787,89707
1915,1902,553787,89707
1916,1903,553787,89707
1917,1904,553787,89707
1918,1905,553787,89707
1919,1906,553787,89707
1920,1907,30590,89707
1921,1908,30590,89707
1922,1909,30590,89707
1923,1910,30590,89707
1924,1911,30590,89707
1925,1912,377184,26379
1926,1913,377184,26379
1927,1914,377184,26379
1928,1915,377184,26379
1929,1916,377184,26379
1930,1917,377184,26379
1931,1918,377184,26379
1932,1919,377184,26379
1933,1920,377184,26379
1934,1921,377184,26379
1935,1922,686848,26379
1936,1923,686848,26379
1937,1924,686848,26379
1938,1925,686848,26379
1939,1926,30713,89707
1940,1927,413602,26379
1941,1928,413602,26379
1942,1929,413602,26379
1943,1930,413602,26379
1944,1931,413602,26379
1945,1932,413602,26379
1946,1933,413602,26379
1947,1934,413602,26379
1948,1935,30590,89707
1949,1936,30590,89707
1950,1937,30590,89707
1951,1938,30590,89707
1952,1939,30590,89707
1953,1940,30590,89707
1954,1941,30590,89707
1955,1942,30590,89707
1956,1943,30590,89707
1957,1944,30590,89707
1958,1945,30590,89707
1959,1946,30590,89707
1960,1947,30590,89707
1961,1948,30590,89707
1962,1949,30590,89707
1963,1950,30590,89707
1964,1951,30590,89707
1965,1952,30590,89707
1966,1953,30590,89707
1967,1954,30590,89707
1968,1955,553018,89707
1969,1956,553018,89707
1970,1957,553018,89707
1971,1958,553018,89707
1972,1959,553018,89707
1973,1960,553018,89707
1974,1961,553018,89707
1975,1962,553018,89707
1976,1963,553018,89707
1977,1964,553018,89707
1978,1965,553018,89707
1979,1966,553018,89707
1980,1967,553018,89707
1981,1968,553018,89707
1982,1969,553018,89707
1983,1970,553018,89707
1984,1971,553018,89707
1985,1972,553018,89707
1986,1973,553018,89707
1987,1974,553018,89707
1988,1975,553018,89707
1989,1976,89741,385941
1990,1977,89741,385941
1991,1978,688606,413602
1992,1979,418194,89707
1993,1980,418194,89707
1994,1981,418194,89707
1995,1982,418194,89707
1996,1983,688054,89707
1997,1984,30819,89707
1998,1985,119246,89707
1999,1986,30819,89707
2000,1987,89711,89707
2001,1988,89711,89707
2002,1989,89711,89707
2003,1990,89711,89707
2004,1991,89711,89707
2005,1992,89711,89707
2006,1993,89711,89707
2007,1994,89711,89707
2008,1995,89711,89707
2009,1996,89711,89707
2010,1997,89711,89707
2011,1998,89711,89707
2012,1999,89712,89707
2013,2000,89712,89707
2014,2001,89712,89707
2015,2002,89712,89707
2016,2003,89712,89707
2017,2004,30887,89707
2018,2005,30887,89707
2019,2006,30887,89707
2020,2007,30887,89707
2021,2008,30887,89707
2022,2009,688065,89707
2023,2010,89707,89741
2024,2011,89707,89741
2025,2012,89707,89741
2026,2013,89707,89741
2027,2014,89707,89741
2028,2015,89707,89741
2029,2016,30590,89707
2030,2017,114989,89707
2031,2018,30713,89707
2032,2019,30713,89707
2033,2020,114991,89707
2034,2021,114991,89707
2035,2022,687615,89707
2036,2023,687615,89707
2037,2024,687615,89707
2038,2025,688096,35200
2039,2026,688096,35200
2040,2027,377186,35200
2041,2028,377186,35200
2042,2029,377186,35200
2043,2030,377186,35200
2044,2031,377186,35200
2045,2032,377186,35200
2046,2033,377186,35200
2047,2034,377186,35200
2048,2035,377186,35200
2049,2036,377186,35200
2050,2037,377186,35200
2051,2038,377186,35200
2052,2039,377186,35200
2053,2040,377186,35200
2054,2041,377186,35200
2055,2042,377186,35200
2056,2043,377186,35200
2057,2044,377186,35200
2058,2045,377186,35200
2059,2046,377186,35200
2060,2047,377186,35200
2061,2048,688116,35200
2062,2049,37688,37687
2063,2050,37184,37183
2064,2051,37184,37183
2065,2052,37184,37183
2066,2053,688483,40343
2067,2054,40371,89714
2068,2055,688429,78231
2069,2056,688429,78231
2070,2057,688429,78231
2071,2058,688429,78231
2072,2059,688429,78231
2073,2060,688429,78231
2074,2061,688429,78231
2075,2062,37022,37847
2076,2063,37022,37847
2077,2064,37026,37847
2078,2065,37026,37847
2079,2066,114021,89714
2080,2067,114021,89714
2081,2068,114021,89714
2082,2069,114021,89714
2083,2070,114021,89714
2084,2071,114021,89714
2085,2072,114021,89714
2086,2073,114021,89714
2087,2074,114021,89714
2088,2075,40335,89714
2089,2076,40335,89714
2090,2077,40335,89714
2091,2078,380271,40343
2092,2079,380271,40343
2093,2080,380271,40343
2094,2081,380271,40343
2095,2082,380271,40343
2096,2083,548945,89714
2097,2084,548945,89714
2098,2085,548945,89714
2099,2086,548945,89714
2100,2087,548945,89714
2101,2088,548945,89714
2102,2089,548945,89714
2103,2090,548945,89714
2104,2091,548945,89714
2105,2092,688492,89714
2106,2093,688493,89714
2107,2094,688493,89714
2108,2095,688493,89714
2109,2096,688493,89714
2110,2097,688493,89714
2111,2098,688545,283560
2112,2099,688545,283560
2113,2100,688545,283560
2114,2101,688545,283560
2115,2102,45919,45880
2116,2103,45919,45880
2117,2104,45919,45880
2118,2105,46263,46262
2119,2106,46263,46262
2120,2107,46263,46262
2121,2108,46263,46262
2122,2109,688549,285473
2123,2110,53208,285473
2124,2111,53208,285473
2125,2112,53208,285473
2126,2113,53208,285473
2127,2114,53208,285473
2128,2115,53203,285473
2129,2116,688553,89721
2130,2117,688553,89721
2131,2118,688553,89721
2132,2119,688553,89721
2133,2120,89721,89741
2134,2121,688566,285773
2135,2122,688566,285773
2136,2123,688566,285773
2137,2124,688566,285773
2138,2125,688566,285773
2139,2126,688566,285773
2140,2127,688566,285773
2141,2128,688566,285773
2142,2129,688566,285773
2143,2130,66741,66740
2144,2131,61657,285824
2145,2132,61657,285824
2146,2133,285824,89741
2147,2134,61657,285824
2148,2135,61657,285824
2149,2136,61657,285824
2150,2137,61657,285824
2151,2138,61657,285824
2152,2139,61657,285824
2153,2140,61657,285824
2154,2141,61657,285824
2155,2142,61657,285824
2156,2143,61657,285824
2157,2144,61657,285824
2158,2145,61657,285824
2159,2146,61657,285824
2160,2147,61657,285824
2161,2148,61657,285824
2162,2149,61657,285824
2163,2150,285824,89741
2164,2151,285824,89741
2165,2152,78947,45087
2166,2153,78947,45087
2167,2154,78947,45087
2168,2155,78947,45087
2169,2156,78947,45087
2170,2157,78947,45087
2171,2158,78947,45087
2172,2159,78947,45087
2173,2160,78947,45087
2174,2161,688606,413602
2175,2162,688965,688963
2176,2163,688490,89714
2177,2164,89707,89741
2178,2165,688606,413602
2179,2166,58874,89723
2180,2167,58874,89723
2181,2168,690999,86125
2182,2169,35167,86123
2183,2170,35167,86123
2184,2171,35167,86123
2185,2172,35167,86123
2186,2173,383752,376927
2187,2174,383752,376927
2188,2175,380631,283507
2189,2176,380631,283507
2190,2177,11397,11383
2191,2178,11397,11383
2192,2179,11397,11383
2193,2180,11397,11383
2194,2181,11397,11383
2195,2182,11397,11383
2196,2183,2672,2625
2197,2184,691436,530168
2198,2185,691436,530168
2199,2186,691420,285005
2200,2187,691420,285005
2201,2188,691437,285005
2202,2189,691437,285005
2203,2190,691435,285005
2204,2191,691434,285005
2205,2192,691424,285005
2206,2193,691424,285005
2207,2194,691424,285005
2208,2195,691424,285005
2209,2196,691424,285005
2210,2197,691424,285005
2211,2198,691424,285005
2212,2199,691424,285005
2213,2200,89592,89591
2214,2201,89592,89591
2215,2202,89592,89591
2216,2203,89592,89591
2217,2204,89592,89591
2218,2205,89592,89591
2219,2206,691452,89591
2220,2207,689451,283421
2221,2208,78947,45087
2222,2209,529348,529347
2223,2210,529348,529347
2224,2211,89725,89723
2225,2212,89726,89723
2226,2213,89726,89723
2227,2214,89726,89723
2228,2215,89726,89723
2229,2216,691808,89723
2230,2217,59978,100400
2231,2218,60606,100400
2232,2219,60604,100400
2233,2220,377186,35200
2234,2221,691154,682066
2235,2222,691154,682066
2236,2223,691154,682066
2237,2224,691154,682066
2238,2225,691154,682066
2239,2226,691154,682066
2240,2227,691154,682066
2241,2228,691154,682066
2242,2229,691154,682066
2243,2230,691154,682066
2244,2231,691155,682066
2245,2232,691155,682066
2246,2233,691155,682066
2247,2234,58873,89723
2248,2235,58874,89723
2249,2236,58874,89723
2250,2237,58874,89723
2251,2238,58879,89723
2252,2239,58879,89723
2253,2240,686575,286908
2254,2241,686575,286908
2255,2242,686575,286908
2256,2243,686575,286908
2257,2244,686575,286908
2258,2245,686575,286908
2259,2246,686575,286908
2260,2247,686575,286908
2261,2248,694311,694310
2262,2249,691765,691761
2263,2250,691765,691761
2264,2251,691769,89723
2265,2252,691776,89723
2266,2253,691780,89723
2267,2254,691970,89723
2268,2255,691970,89723
2269,2256,691970,89723
2270,2257,691970,89723
2271,2258,691970,89723
2272,2259,691970,89723
2273,2260,691970,89723
2274,2261,691970,89723
2275,2262,691970,89723
2276,2263,691970,89723
2277,2264,691972,691970
2278,2265,115048,89723
2279,2266,115048,89723
2280,2267,115048,89723
2281,2268,115048,89723
2282,2269,115048,89723
2283,2270,89730,89723
2284,2271,694263,89723
2285,2272,58951,89723
2286,2273,58952,89723
2287,2274,58952,89723
2288,2275,58952,89723
2289,2276,694313,694310
2290,2277,694314,694310
2291,2278,694314,694310
2292,2279,694314,694310
2293,2280,691022,89723
2294,2281,691022,89723
2295,2282,691022,89723
2296,2283,691022,89723
2297,2284,691022,89723
2298,2285,691022,89723
2299,2286,691022,89723
2300,2287,691022,89723
2301,2288,691022,89723
2302,2289,691022,89723
2303,2290,691022,89723
2304,2291,691022,89723
2305,2292,691022,89723
2306,2293,691022,89723
2307,2294,694909,89723
2308,2295,694910,89723
2309,2296,691007,89723
2310,2297,691007,89723
2311,2298,691007,89723
2312,2299,691007,89723
2313,2300,691007,89723
2314,2301,115049,89723
2315,2302,115049,89723
2316,2303,695228,89723
2317,2304,695228,89723
2318,2305,695228,89723
2319,2306,695228,89723
2320,2307,695228,89723
2321,2308,695228,89723
2322,2309,695228,89723
2323,2310,695228,89723
2324,2311,695228,89723
2325,2312,695230,89723
2326,2313,695230,89723
2327,2314,695231,89723
2328,2315,688506,46262
2329,2316,695712,89735
2330,2317,695712,89735
2331,2318,695712,89735
2332,2319,695712,89735
2333,2320,695712,89735
2334,2321,68823,89735
2335,2322,68823,89735
2336,2323,68823,89735
2337,2324,68823,89735
2338,2325,68823,89735
2339,2326,68823,89735
2340,2327,68823,89735
2341,2328,68823,89735
2342,2329,695716,89735
2343,2330,695716,89735
2344,2331,696062,35200
2345,2332,696062,35200
2346,2333,696062,35200
2347,2334,696062,35200
2348,2335,696062,35200
2349,2336,696062,35200
2350,2337,289566,412746
2351,2338,289566,412746
2352,2339,289566,412746
2353,2340,289566,412746
2354,2341,289566,412746
2355,2342,289566,412746
2356,2343,289566,412746
2357,2344,289566,412746
2358,2345,289566,412746
2359,2346,289566,412746
2360,2347,289566,412746
2361,2348,696002,695998
2362,2349,696002,695998
2363,2350,696002,695998
2364,2351,696002,695998
2365,2352,696002,695998
2366,2353,696002,695998
2367,2354,696002,695998
2368,2355,696002,695998
2369,2356,696004,695998
2370,2357,696004,695998
2371,2358,696004,695998
2372,2359,696004,695998
2373,2360,696000,695998
2374,2361,696000,695998
2375,2362,696000,695998
2376,2363,696000,695998
2377,2364,696000,695998
2378,2365,696000,695998
2379,2366,696000,695998
2380,2367,696000,695998
2381,2368,696000,695998
2382,2369,4987,84300
2383,2370,4987,84300
2384,2371,4987,84300
2385,2372,4987,84300
2386,2373,4987,84300
2387,2374,4987,84300
2388,2375,696067,58192
2389,2376,696067,58192
2390,2377,696067,58192
2391,2378,696072,58192
2392,2379,696072,58192
2393,2380,696072,58192
2394,2381,696072,58192
2395,2382,696072,58192
2396,2383,696072,58192
2397,2384,696072,58192
2398,2385,683431,58285
2399,2386,58192,84308
2400,2387,696080,82758
2401,2388,59788,100400
2402,2389,59788,100400
2403,2390,59788,100400
2404,2391,59788,100400
2405,2392,59788,100400
2406,2393,59788,100400
2407,2394,59788,100400
2408,2395,59788,100400
2409,2396,59788,100400
2410,2397,59788,100400
2411,2398,59788,100400
2412,2399,59788,100400
2413,2400,59788,100400
2414,2401,59788,100400
2415,2402,59788,100400
2416,2403,59788,100400
2417,2404,59788,100400
2418,2405,59788,100400
2419,2406,59788,100400
2420,2407,59788,100400
2421,2408,59788,100400
2422,2409,59788,100400
2423,2410,59825,100400
2424,2411,59825,100400
2425,2412,59825,100400
2426,2413,59825,100400
2427,2414,59825,100400
2428,2415,671673,100400
2429,2416,671673,100400
2430,2417,671673,100400
2431,2418,671673,100400
2432,2419,59978,100400
2433,2420,100411,100400
2434,2421,100411,100400
2435,2422,100411,100400
2436,2423,100411,100400
2437,2424,100411,100400
2438,2425,100411,100400
2439,2426,60331,100400
2440,2427,60331,100400
2441,2428,60483,100400
2442,2429,60483,100400
2443,2430,60483,100400
2444,2431,60483,100400
2445,2432,60483,100400
2446,2433,60483,100400
2447,2434,60483,100400
2448,2435,60483,100400
2449,2436,60483,100400
2450,2437,60640,100400
2451,2438,60640,100400
2452,2439,60640,100400
2453,2440,60640,100400
2454,2441,60640,100400
2455,2442,697337,100400
2456,2443,697341,100400
2457,2444,697341,100400
2458,2445,3633,3624
2459,2446,3633,3624
2460,2447,60814,100400
2461,2448,60814,100400
2462,2449,60814,100400
2463,2450,60814,100400
2464,2451,60814,100400
2465,2452,60814,100400
2466,2453,379167,284732
2467,2454,529348,529347
2468,2455,529348,529347
2469,2456,529348,529347
2470,2457,529348,529347
2471,2458,412466,84289
2472,2459,15361,283499
2473,2460,15361,283499
2474,2461,15361,283499
2475,2462,15361,283499
2476,2463,15361,283499
2477,2464,15361,283499
2478,2465,15361,283499
2479,2466,26866,84274
2480,2467,26866,84274
2481,2468,26866,84274
2482,2469,26866,84274
2483,2470,26866,84274
2484,2471,26866,84274
2485,2472,26866,84274
2486,2473,26866,84274
2487,2474,26866,84274
2488,2475,26866,84274
2489,2476,26866,84274
2490,2477,26866,84274
2491,2478,698435,285158
2492,2479,698435,285158
2493,2480,698435,285158
2494,2481,698435,285158
2495,2482,698435,285158
2496,2483,698435,285158
2497,2484,698435,285158
2498,2485,698435,285158
2499,2486,698435,285158
2500,2487,698435,285158
2501,2488,698435,285158
2502,2489,698435,285158
2503,2490,698435,285158
2504,2491,698435,285158
2505,2492,698438,698436
2506,2493,698438,698436
2507,2494,698438,698436
2508,2495,52061,285385
2509,2496,52061,285385
2510,2497,32055,84276
2511,2498,32055,84276
2512,2499,32055,84276
2513,2500,32055,84276
2514,2501,686783,89707
2515,2502,686783,89707
2516,2503,686783,89707
2517,2504,686783,89707
2518,2505,686783,89707
2519,2506,686783,89707
2520,2507,686783,89707
2521,2508,686783,89707
2522,2509,30605,89707
2523,2510,30605,89707
2524,2511,30605,89707
2525,2512,30605,89707
2526,2513,30605,89707
2527,2514,30605,89707
2528,2515,89710,89707
2529,2516,89710,89707
2530,2517,89710,89707
2531,2518,89710,89707
2532,2519,30642,89707
2533,2520,114989,89707
2534,2521,30645,89707
2535,2522,30605,89707
2536,2523,114991,89707
2537,2524,114991,89707
2538,2525,30722,89707
2539,2526,30722,89707
2540,2527,30722,89707
2541,2528,30722,89707
2542,2529,30722,89707
2543,2530,30722,89707
2544,2531,30722,89707
2545,2532,30722,89707
2546,2533,30722,89707
2547,2534,30722,89707
2548,2535,30722,89707
2549,2536,30722,89707
2550,2537,30722,89707
2551,2538,30722,89707
2552,2539,30730,89707
2553,2540,30730,89707
2554,2541,30730,89707
2555,2542,30730,89707
2556,2543,30730,89707
2557,2544,30730,89707
2558,2545,30730,89707
2559,2546,30730,89707
2560,2547,30730,89707
2561,2548,30730,89707
2562,2549,30730,89707
2563,2550,30730,89707
2564,2551,30730,89707
2565,2552,30732,89707
2566,2553,30732,89707
2567,2554,30732,89707
2568,2555,30732,89707
2569,2556,30732,89707
2570,2557,30732,89707
2571,2558,30732,89707
2572,2559,30732,89707
2573,2560,30732,89707
2574,2561,30732,89707
2575,2562,30732,89707
2576,2563,30732,89707
2577,2564,30732,89707
2578,2565,30732,89707
2579,2566,30732,89707
2580,2567,30732,89707
2581,2568,30732,89707
2582,2569,30732,89707
2583,2570,30732,89707
2584,2571,30732,89707
2585,2572,30732,89707
2586,2573,30732,89707
2587,2574,30732,89707
2588,2575,30732,89707
2589,2576,30732,89707
2590,2577,30732,89707
2591,2578,30732,89707
2592,2579,30754,89707
2593,2580,687038,89707
2594,2581,30777,89707
2595,2582,30777,89707
2596,2583,30777,89707
2597,2584,30777,89707
2598,2585,30777,89707
2599,2586,30777,89707
2600,2587,30777,89707
2601,2588,30777,89707
2602,2589,553018,89707
2603,2590,793820,283498
2604,2591,793822,283498
2605,2592,793822,283498
2606,2593,15358,283498
2607,2594,15358,283498
2608,2595,793829,793828
2609,2596,112030,284686
2610,2597,793831,285899
2611,2598,111790,285899
2612,2599,793833,285899
2613,2600,793834,285899
2614,2601,112035,285899
2615,2602,112036,285899
2616,2603,112037,285899
2617,2604,793847,84296
2618,2605,58951,89723
2619,2606,798966,70288
2620,2607,798972,70288
2621,2608,798969,70288
2622,2609,287773,105737
2623,2610,287773,105737
2624,2611,799200,105737
2625,2612,2938,84692
2626,2613,698317,2938
2627,2614,698323,2938
2628,2615,698325,2938
2629,2616,698325,2938
2630,2617,698325,2938
2631,2618,698325,2938
2632,2619,698326,2938
2633,2620,698326,2938
2634,2621,698330,2938
2635,2622,698330,2938
2636,2623,111807,286401
2637,2624,289575,41365
2638,2625,13555,283413
2639,2626,13555,283413
2640,2627,30847,89707
2641,2628,30847,89707
2642,2629,30847,89707
2643,2630,30847,89707
2644,2631,30847,89707
2645,2632,30847,89707
2646,2633,30847,89707
2647,2634,30847,89707
2648,2635,30847,89707
2649,2636,30847,89707
2650,2637,30847,89707
